256388684	tostaocqt	Tostao
44433584	INEXMODA	INEXMODA
80972517	elDiegoCamargo	Diego Camargo
4497221248	myandreakat	Andrea Hernndez
373138480	JuanitaGoe	Juanita Goebertus 
1920140406	Santialarconu	Santiago Alarcn U
3294206560	natasha__10_	natasha teen.
41048726	PirryOficial	Pirry
3092609308	intiasprilla	Inti Asprilla
68961687	CholoValderrama	CholoValderrama
89528007	DraCarmenL	Carmen Larrazbal
58956408	JulianFMartinez	Julin F. Martnez
123594022	CabasMusica	Cabas
175488530	mapatilla	Mara Paulina Baena
165590781	JacquesTD	Jacques Toukhmanian
15171377	ShockCo	 Shock.co 
948468678	switch_oficial	SWITCH
573800821	JiggyOficial	Jiggy Drama
251104300	jarlinsonpantan	Jarlinson Pantano
80651703	karollMarquez	Karoll Mrquez
