42517526	bombaestereo	Bomba Estreo
175806207	agaviriau	Alejandro Gaviria
89707185	DANE_Colombia	DANE Colombia
381725074	Minvivienda	MinVivienda
732690384942465025	AnimalesBOG	Proteccin Animal Bogot
1667809860	COMANDANTE_EJC	General Nicacio Martnez Espinel
40098182	Fedegan	FEDEGAN
145774770	GobAntioquia	Gobernacin de Antioquia
288925780	ADR_Colombia	Agencia de Desarrollo Rural
172822388	valeriasantosb	Valeria Santos
189534765	diegomatteus	DiegoMateus
173129929	julianagalvisv	Juliana Galvis
67962687	ROBERTO_CANO	ROBERTO CANO
150058141	CalleLaJeta_	Freddy Beltran 
116518454	cejaspobladas	Ricardo Quevedo
322623953	Veronica_Orozco	Veronica Orozco
70734968	Carlagiraldoq	Carla Giraldo
355995000	sabinocaro	Carolina Sabino
116633016	DiegoTrujilloD	Diego Trujillo
458755731	UranRigoberto	Rigoberto Urn U
