30861738	BruceMacMaster	Bruce Mac Master
214119006	festereopicnic	Festival Estreo Picnic
3034916907	metrodemedellin	Metro de Medelln
71263146	LegisEditores	LEGIS
198887426	ChevroletCo	Chevrolet Colombia
36276135	QuinteroCalle	Daniel Quintero Calle
906765860	CeciAlvarezC	Cecilia lvarez-C
158749271	Club_Colombia	Club Colombia
265991513	BancodeBogota	Banco de Bogot
1335592814	A_delPacifico	Alianza del Pacfico
40974469	FundacionGabo	Fundacin Gabo
123972285	areacucuta	areacucuta.com
7641802	noticucuta	Noti Ccuta
19844693	ForosSemana	Foros Semana
95684520	CervezaAguila	Cerveza Aguila
316543034	SegurosSURAcol	Seguros SURA Colombia
280799144	360RadioCo	360 Radio Colombia
262398126	CancilleriaCol	Cancillera Colombia
615721665	MintrabajoCol	MinTrabajo
162052983	ReebokColombia	Reebok Colombia
